{
  "MANAGER_TRACKING_LICENCE": {
    "שם מלא_Width": 96,
    "שם מלא_Filter": "",
    "שם משתמש_Width": 83,
    "שם משתמש_Filter": "",
    "סניף_Width": 68,
    "סניף_Filter": "",
    "מחלקה_Width": 72,
    "מחלקה_Filter": "",
    "הרשאות_Width": 107,
    "הרשאות_Filter": "",
    "דואר אלקטרוני_Width": 137,
    "דואר אלקטרוני_Filter": "",
    "מפתח_Width": 108,
    "מפתח_Filter": "",
    "מספר סידורי_Width": 167,
    "מספר סידורי_Filter": "",
    "מספר עובד_Width": 80,
    "מספר עובד_Filter": "",
    "תאריך תפוגה_Width": 90,
    "תאריך תפוגה_Filter": "",
    "ימים שנותרו_Width": 60,
    "ימים שנותרו_Filter": ""
  },
  "PPC_DUPLICATE_TRACKING": {
    "מס תיק_Width": 61,
    "מס תיק_Filter": "",
    "מקט_Width": 82,
    "מקט_Filter": "",
    "מנה_Width": 102,
    "מנה_Filter": "",
    "פעולה הבאה_Width": 138,
    "פעולה הבאה_Filter": "[פעולה הבאה] = 'אופטימיזציה חזיתות נסטינג'",
    "סטטוס_Width": 57,
    "סטטוס_Filter": "",
    "קוד חומר_Width": 69,
    "קוד חומר_Filter": "",
    "קוד גוון_Width": 51,
    "קוד גוון_Filter": "",
    "MAT_Width": 287,
    "MAT_Filter": "",
    "תהליך_Width": 58,
    "תהליך_Filter": "",
    "כמות פלטות_Width": 74,
    "כמות פלטות_Filter": "",
    "מידת שארית דרושה_Width": 106,
    "מידת שארית דרושה_Filter": "",
    "כמות_Width": 40,
    "כמות_Filter": "",
    "תאריך חיתוך_Width": 76,
    "תאריך חיתוך_Filter": "[תאריך חיתוך] = #2024-03-10#",
    "שם מבצע_Width": 81,
    "שם מבצע_Filter": ""
  }
}