{"MANAGER_TRACKING_LICENCE":{"שם מלא_Width":96,"שם מלא_Filter":"","שם משתמש_Width":83,"שם משתמש_Filter":"","סניף_Width":67,"סניף_Filter":"","מחלקה_Width":71,"מחלקה_Filter":"","הרשאות_Width":105,"הרשאות_Filter":"","דואר אלקטרוני_Width":134,"דואר אלקטרוני_Filter":"","מפתח_Width":106,"מפתח_Filter":"","מספר סידורי_Width":163,"מספר סידורי_Filter":"","מספר עובד_Width":72,"מספר עובד_Filter":"","תאריך תפוגה_Width":75,"תאריך תפוגה_Filter":"","ימים שנותרו_Width":75,"ימים שנותרו_Filter":""}}