﻿<XtraSerializer version="1.0" application="View">
  <property name="#LayoutVersion" />
  <property name="#LayoutScaleFactor">@1,Width=1@1,Height=1</property>
  <property name="AppearancePrint" isnull="true" iskey="true">
    <property name="Row" iskey="true" value="Row">
      <property name="Options" isnull="true" iskey="true">
        <property name="UseTextOptions">true</property>
      </property>
      <property name="TextOptions" isnull="true" iskey="true">
        <property name="HAlignment">Center</property>
        <property name="VAlignment">Center</property>
      </property>
    </property>
    <property name="FooterPanel" iskey="true" value="FooterPanel">
      <property name="Options" isnull="true" iskey="true">
        <property name="UseTextOptions">true</property>
      </property>
      <property name="TextOptions" isnull="true" iskey="true">
        <property name="HAlignment">Center</property>
        <property name="VAlignment">Center</property>
      </property>
    </property>
  </property>
  <property name="Appearance" isnull="true" iskey="true">
    <property name="SelectedRow" iskey="true" value="SelectedRow">
      <property name="Options" isnull="true" iskey="true">
        <property name="UseBackColor">true</property>
      </property>
      <property name="BackColor">60, 0, 0, 240</property>
    </property>
    <property name="FocusedRow" iskey="true" value="FocusedRow">
      <property name="Options" isnull="true" iskey="true">
        <property name="UseBackColor">true</property>
      </property>
      <property name="BackColor">60, 0, 0, 240</property>
    </property>
    <property name="Row" iskey="true" value="Row">
      <property name="Options" isnull="true" iskey="true">
        <property name="UseTextOptions">true</property>
      </property>
      <property name="TextOptions" isnull="true" iskey="true">
        <property name="HAlignment">Center</property>
        <property name="VAlignment">Center</property>
      </property>
    </property>
    <property name="HeaderPanel" iskey="true" value="HeaderPanel">
      <property name="Options" isnull="true" iskey="true">
        <property name="UseTextOptions">true</property>
      </property>
      <property name="TextOptions" isnull="true" iskey="true">
        <property name="HAlignment">Center</property>
        <property name="VAlignment">Center</property>
      </property>
    </property>
    <property name="FooterPanel" iskey="true" value="FooterPanel">
      <property name="Options" isnull="true" iskey="true">
        <property name="UseTextOptions">true</property>
      </property>
      <property name="TextOptions" isnull="true" iskey="true">
        <property name="HAlignment">Center</property>
        <property name="VAlignment">Center</property>
      </property>
    </property>
  </property>
  <property name="OptionsBehavior" isnull="true" iskey="true">
    <property name="Editable">false</property>
    <property name="ReadOnly">true</property>
  </property>
  <property name="OptionsView" isnull="true" iskey="true">
    <property name="ShowFooter">true</property>
    <property name="EnableAppearanceOddRow">true</property>
  </property>
  <property name="OptionsMenu" isnull="true" iskey="true">
    <property name="ShowConditionalFormattingItem">true</property>
  </property>
  <property name="OptionsPrint" isnull="true" iskey="true">
    <property name="EnableAppearanceOddRow">true</property>
    <property name="UsePrintStyles">false</property>
  </property>
  <property name="FixedLineWidth">2</property>
  <property name="IndicatorWidth">-1</property>
  <property name="ColumnPanelRowHeight">-1</property>
  <property name="RowSeparatorHeight">0</property>
  <property name="FooterPanelHeight">-1</property>
  <property name="HorzScrollVisibility">Auto</property>
  <property name="VertScrollVisibility">Auto</property>
  <property name="RowHeight">-1</property>
  <property name="GroupRowHeight">-1</property>
  <property name="GroupFormat">{0}: [#image]{1} {2}</property>
  <property name="ChildGridLevelName" />
  <property name="VertScrollTipFieldName" />
  <property name="PreviewFieldName" />
  <property name="GroupPanelText" />
  <property name="NewItemRowText" />
  <property name="LevelIndent">-1</property>
  <property name="PreviewIndent">-1</property>
  <property name="PreviewLineCount">-1</property>
  <property name="ScrollStyle">LiveVertScroll, LiveHorzScroll</property>
  <property name="FocusRectStyle">CellFocus</property>
  <property name="HorzScrollStep">0</property>
  <property name="OptionsClipboard" isnull="true" iskey="true">
    <property name="AllowCopy">True</property>
    <property name="CopyColumnHeaders">False</property>
  </property>
  <property name="ActiveFilterEnabled">true</property>
  <property name="ViewCaptionHeight">-1</property>
  <property name="Columns" iskey="true" value="11">
    <property name="Item1" isnull="true" iskey="true">
      <property name="Name">colמזהה</property>
      <property name="VisibleIndex">0</property>
      <property name="Visible">true</property>
      <property name="Width">40</property>
      <property name="MinWidth">20</property>
      <property name="MaxWidth">0</property>
      <property name="Summary" iskey="true" value="1">
        <property name="Item1" isnull="true" iskey="true">
          <property name="Tag" isnull="true" />
          <property name="FieldName">Id</property>
          <property name="SummaryType">Count</property>
          <property name="Mode">AllRows</property>
          <property name="DisplayFormat">{0}</property>
        </property>
      </property>
    </property>
    <property name="Item2" isnull="true" iskey="true">
      <property name="Name">colחומר</property>
      <property name="VisibleIndex">1</property>
      <property name="Visible">true</property>
      <property name="Width">251</property>
      <property name="MinWidth">20</property>
      <property name="MaxWidth">0</property>
    </property>
    <property name="Item3" isnull="true" iskey="true">
      <property name="Name">colמיקום</property>
      <property name="VisibleIndex">8</property>
      <property name="Visible">true</property>
      <property name="Width">141</property>
      <property name="MinWidth">20</property>
      <property name="MaxWidth">0</property>
    </property>
    <property name="Item4" isnull="true" iskey="true">
      <property name="Name">colעובי</property>
      <property name="VisibleIndex">2</property>
      <property name="Visible">true</property>
      <property name="Width">39</property>
      <property name="MinWidth">20</property>
      <property name="MaxWidth">0</property>
    </property>
    <property name="Item5" isnull="true" iskey="true">
      <property name="Name">colאורך</property>
      <property name="VisibleIndex">3</property>
      <property name="Visible">true</property>
      <property name="Width">61</property>
      <property name="MinWidth">20</property>
      <property name="MaxWidth">0</property>
    </property>
    <property name="Item6" isnull="true" iskey="true">
      <property name="Name">colרוחב</property>
      <property name="VisibleIndex">4</property>
      <property name="Visible">true</property>
      <property name="Width">61</property>
      <property name="MinWidth">20</property>
      <property name="MaxWidth">0</property>
    </property>
    <property name="Item7" isnull="true" iskey="true">
      <property name="Name">colכמותכללית</property>
      <property name="VisibleIndex">5</property>
      <property name="Visible">true</property>
      <property name="Width">80</property>
      <property name="MinWidth">20</property>
      <property name="MaxWidth">0</property>
      <property name="Summary" iskey="true" value="1">
        <property name="Item1" isnull="true" iskey="true">
          <property name="Tag" isnull="true" />
          <property name="FieldName">Quantity</property>
          <property name="SummaryType">Sum</property>
          <property name="Mode">AllRows</property>
          <property name="DisplayFormat">SUM={0:0.##}</property>
        </property>
      </property>
    </property>
    <property name="Item8" isnull="true" iskey="true">
      <property name="Name">colכמותשמורה</property>
      <property name="VisibleIndex">6</property>
      <property name="Visible">true</property>
      <property name="Width">90</property>
      <property name="MinWidth">20</property>
      <property name="MaxWidth">0</property>
      <property name="Summary" iskey="true" value="1">
        <property name="Item1" isnull="true" iskey="true">
          <property name="Tag" isnull="true" />
          <property name="FieldName">ReservedQuantity</property>
          <property name="SummaryType">Sum</property>
          <property name="Mode">AllRows</property>
          <property name="DisplayFormat">SUM={0:0.##}</property>
        </property>
      </property>
    </property>
    <property name="Item9" isnull="true" iskey="true">
      <property name="Name">colכמותזמינה</property>
      <property name="VisibleIndex">7</property>
      <property name="Visible">true</property>
      <property name="Width">86</property>
      <property name="MinWidth">20</property>
      <property name="MaxWidth">0</property>
      <property name="Summary" iskey="true" value="1">
        <property name="Item1" isnull="true" iskey="true">
          <property name="Tag" isnull="true" />
          <property name="FieldName">AvailableQuantity</property>
          <property name="SummaryType">Sum</property>
          <property name="Mode">AllRows</property>
          <property name="DisplayFormat">SUM={0:0.##}</property>
        </property>
      </property>
    </property>
    <property name="Item10" isnull="true" iskey="true">
      <property name="Name">colתאריךיצירה</property>
      <property name="VisibleIndex">9</property>
      <property name="Visible">true</property>
      <property name="Width">108</property>
      <property name="MinWidth">20</property>
      <property name="MaxWidth">0</property>
    </property>
    <property name="Item11" isnull="true" iskey="true">
      <property name="Name">colתאריךעדכון</property>
      <property name="VisibleIndex">10</property>
      <property name="Visible">true</property>
      <property name="Width">111</property>
      <property name="MinWidth">20</property>
      <property name="MaxWidth">0</property>
    </property>
  </property>
  <property name="ViewCaption" />
  <property name="BorderStyle">Default</property>
  <property name="SynchronizeClones">true</property>
  <property name="DetailTabHeaderLocation">Top</property>
  <property name="Name">gridView1</property>
  <property name="DetailHeight">350</property>
  <property name="Tag" isnull="true" />
  <property name="GroupSummary" iskey="true" value="0" />
  <property name="ActiveFilterString" />
  <property name="FormatRules" iskey="true" value="2">
    <property name="Item1" isnull="true" iskey="true">
      <property name="ColumnName">colכמותזמינה</property>
      <property name="Name">Format0</property>
      <property name="Description" isnull="true" />
      <property name="Enabled">true</property>
      <property name="RuleType">#FormatConditionRuleExpression</property>
      <property name="Rule" isnull="true" iskey="true">
        <property name="Expression">[AvailableQuantity] = 0</property>
        <property name="PredefinedName">Red Fill, Red Text</property>
      </property>
    </property>
    <property name="Item2" isnull="true" iskey="true">
      <property name="ColumnName">colכמותזמינה</property>
      <property name="Name">Format1</property>
      <property name="Description" isnull="true" />
      <property name="Enabled">true</property>
      <property name="RuleType">#FormatConditionRuleExpression</property>
      <property name="Rule" isnull="true" iskey="true">
        <property name="Expression">[AvailableQuantity] &gt; 0</property>
        <property name="PredefinedName">Green Fill, Green Text</property>
      </property>
    </property>
  </property>
  <property name="SortInfoState" iskey="true" value="1">
    <property name="Item1" isnull="true" iskey="true">
      <property name="Orders">Ascending</property>
      <property name="Columns">colחומר</property>
    </property>
    <property name="Content" isnull="true" iskey="true">
      <property name="GroupCount">0</property>
    </property>
  </property>
  <property name="FormatConditions" iskey="true" value="0" />
  <property name="GroupSummarySortInfoState" />
  <property name="FindFilterText" />
  <property name="FindPanelVisible">false</property>
</XtraSerializer>