﻿<XtraSerializer version="1.0" application="View">
  <property name="#LayoutVersion" />
  <property name="#LayoutScaleFactor">@1,Width=1@1,Height=1</property>
  <property name="Appearance" isnull="true" iskey="true">
    <property name="SelectedRow" iskey="true" value="SelectedRow">
      <property name="Options" isnull="true" iskey="true">
        <property name="UseBackColor">true</property>
      </property>
      <property name="BackColor">60, 0, 0, 240</property>
    </property>
    <property name="HorzLine" iskey="true" value="HorzLine">
      <property name="Options" isnull="true" iskey="true">
        <property name="UseBackColor">true</property>
      </property>
      <property name="BackColor">Gray</property>
    </property>
    <property name="Row" iskey="true" value="Row">
      <property name="Options" isnull="true" iskey="true">
        <property name="UseTextOptions">true</property>
      </property>
      <property name="TextOptions" isnull="true" iskey="true">
        <property name="HAlignment">Center</property>
      </property>
    </property>
    <property name="VertLine" iskey="true" value="VertLine">
      <property name="Options" isnull="true" iskey="true">
        <property name="UseBackColor">true</property>
      </property>
      <property name="BackColor">DarkGray</property>
    </property>
    <property name="HeaderPanel" iskey="true" value="HeaderPanel">
      <property name="Options" isnull="true" iskey="true">
        <property name="UseTextOptions">true</property>
      </property>
      <property name="TextOptions" isnull="true" iskey="true">
        <property name="HAlignment">Center</property>
        <property name="VAlignment">Center</property>
      </property>
    </property>
  </property>
  <property name="OptionsView" isnull="true" iskey="true">
    <property name="ShowGroupPanel">false</property>
    <property name="ShowIndicator">false</property>
    <property name="EnableAppearanceOddRow">true</property>
  </property>
  <property name="ActiveFilterEnabled">true</property>
  <property name="Columns" iskey="true" value="4">
    <property name="Item1" isnull="true" iskey="true">
      <property name="Name">colמועד</property>
      <property name="VisibleIndex">0</property>
      <property name="Visible">true</property>
      <property name="Width">30</property>
      <property name="MinWidth">20</property>
      <property name="MaxWidth">0</property>
    </property>
    <property name="Item2" isnull="true" iskey="true">
      <property name="Name">colתוכנית</property>
      <property name="VisibleIndex">1</property>
      <property name="Visible">true</property>
      <property name="Width">20</property>
      <property name="MinWidth">20</property>
      <property name="MaxWidth">0</property>
    </property>
    <property name="Item3" isnull="true" iskey="true">
      <property name="Name">colפעולה</property>
      <property name="VisibleIndex">2</property>
      <property name="Visible">true</property>
      <property name="Width">48</property>
      <property name="MinWidth">20</property>
      <property name="MaxWidth">0</property>
    </property>
    <property name="Item4" isnull="true" iskey="true">
      <property name="Name">colהודעה</property>
      <property name="VisibleIndex">3</property>
      <property name="Visible">true</property>
      <property name="Width">75</property>
      <property name="MinWidth">20</property>
      <property name="MaxWidth">0</property>
    </property>
  </property>
  <property name="GroupSummary" iskey="true" value="0" />
  <property name="ActiveFilterString" />
  <property name="FormatRules" iskey="true" value="4">
    <property name="Item1" isnull="true" iskey="true">
      <property name="ColumnName">colהודעה</property>
      <property name="ColumnApplyToName">colהודעה</property>
      <property name="Name">Format0</property>
      <property name="Description" isnull="true" />
      <property name="Enabled">true</property>
      <property name="RuleType">#FormatConditionRuleExpression</property>
      <property name="Rule" isnull="true" iskey="true">
        <property name="Expression">Contains([הודעה], 'לא נמצא') Or Contains([הודעה], 'נכשלה') Or Contains([הודעה], 'עליך') Or Contains([הודעה], 'לא קיימת') Or Contains([הודעה], 'חסר') Or Contains([הודעה], 'כבר קיימת') Or Contains([הודעה], 'אינה קיימת') Or Contains([הודעה], 'damaged') Or Contains([הודעה], 'found') Or Contains([הודעה], 'לא נמצאו') Or Contains([הודעה], 'לא נמצאה') Or Contains([הודעה], 'לא מכילה') Or Contains([הודעה], 'לא הוזן') Or Contains([הודעה], 'לא בוצעה') Or Contains([הודעה], 'אנא הזן') Or Contains([הודעה], 'לא נטענו') Or Contains([הודעה], 'חסרים') Or Contains([הודעה], 'לא עודכן') Or Contains([הודעה], 'לא זהה') Or Contains([הודעה], 'לא מופיע') Or Contains([הודעה], 'לא נוספו') Or Contains([הודעה], 'לא נוספה') Or Contains([הודעה], 'קיימות בשתי מערכות שונות') Or Contains([הודעה], 'לא ניתן') Or Contains([הודעה], 'לא תקין') Or Contains([הודעה], 'לא קיים') Or Contains([הודעה], 'נא להוציא') Or Contains([הודעה], 'cannot')</property>
        <property name="Appearance" isnull="true" iskey="true">
          <property name="Options" isnull="true" iskey="true">
            <property name="UseForeColor">true</property>
            <property name="UseBackColor">true</property>
          </property>
          <property name="ForeColor">Black</property>
          <property name="BackColor">229, 185, 183</property>
        </property>
      </property>
    </property>
    <property name="Item2" isnull="true" iskey="true">
      <property name="ColumnName">colהודעה</property>
      <property name="ColumnApplyToName">colהודעה</property>
      <property name="Name">Format1</property>
      <property name="Description" isnull="true" />
      <property name="Enabled">true</property>
      <property name="RuleType">#FormatConditionRuleExpression</property>
      <property name="Rule" isnull="true" iskey="true">
        <property name="Expression">Contains([הודעה], 'בהצלחה') Or Contains([הודעה], 'נוצרה') Or Contains([הודעה], 'הדבק') Or Contains([הודעה], 'בוצע עדכון דוח') Or Contains([הודעה], 'נמצאה המחשה') Or Contains([הודעה], 'מספר החלפות') Or Contains([הודעה], 'גובתה ונוספה') Or Contains([הודעה], 'גובו ונוספו') Or Contains([הודעה], 'קובץ אריזה נשלח בהצלחה') Or Contains([הודעה], 'מטר רץ הרכבה עודכן') Or Contains([הודעה], 'תוכנית מפורקת נוספה') Or Contains([הודעה], 'לא בוצעה MES תוכנית סטנדרט - פעולת')</property>
        <property name="Appearance" isnull="true" iskey="true">
          <property name="Options" isnull="true" iskey="true">
            <property name="UseForeColor">true</property>
            <property name="UseBackColor">true</property>
          </property>
          <property name="ForeColor">Black</property>
          <property name="BackColor">195, 214, 155</property>
        </property>
      </property>
    </property>
    <property name="Item3" isnull="true" iskey="true">
      <property name="ColumnName">colהודעה</property>
      <property name="ColumnApplyToName">colהודעה</property>
      <property name="Name">Format2</property>
      <property name="Description" isnull="true" />
      <property name="Enabled">true</property>
      <property name="RuleType">#FormatConditionRuleExpression</property>
      <property name="Rule" isnull="true" iskey="true">
        <property name="Expression">Contains([הודעה], 'כבר הייתה') Or Contains([הודעה], 'PRIORITY-מלא את הנתונים ב') Or Contains([הודעה], 'PDF תיקיית דוחות לא מכילה קבצי') Or Contains([הודעה], 'PDF תיקיית דרישת רכש לא מכילה קבצי') Or Contains([הודעה], 'לא הוזן תמחור עבור התוכנית') Or Contains([הודעה], 'BLUECELL-בצע בדיקה ב') Or Contains([הודעה], 'File empty:') Or Contains([הודעה], 'עליך לסגור את תוכנת הראומפלאן') Or Contains([הודעה], '₪') Or Contains([הודעה], 'דוח מספר 4 כבר קיים') Or Contains([הודעה], 'Time taken') Or Contains([הודעה], 'כבר קיים') Or Contains([הודעה], 'אין צורך')</property>
        <property name="Appearance" isnull="true" iskey="true">
          <property name="Options" isnull="true" iskey="true">
            <property name="UseForeColor">true</property>
            <property name="UseBackColor">true</property>
          </property>
          <property name="ForeColor">Black</property>
          <property name="BackColor">184, 204, 228</property>
        </property>
      </property>
    </property>
    <property name="Item4" isnull="true" iskey="true">
      <property name="ColumnName">colהודעה</property>
      <property name="ColumnApplyToName">colהודעה</property>
      <property name="Name">Format3</property>
      <property name="Description" isnull="true" />
      <property name="Enabled">true</property>
      <property name="RuleType">#FormatConditionRuleExpression</property>
      <property name="Rule" isnull="true" iskey="true">
        <property name="Expression">Contains([הודעה], 'מופיע יותר מפעם אחת') Or Contains([הודעה], 'לא בוצע גיבוי לתוכנית מפורקת') Or Contains([הודעה], 'לא בוצע גיבוי לדרישת רכש')</property>
        <property name="Appearance" isnull="true" iskey="true">
          <property name="Options" isnull="true" iskey="true">
            <property name="UseForeColor">true</property>
            <property name="UseBackColor">true</property>
          </property>
          <property name="ForeColor">Black</property>
          <property name="BackColor">251, 213, 181</property>
        </property>
      </property>
    </property>
  </property>
  <property name="FormatConditions" iskey="true" value="0" />
  <property name="GroupSummarySortInfoState" />
  <property name="FindFilterText" />
  <property name="FindPanelVisible">false</property>
</XtraSerializer>