﻿<XtraSerializer version="1.0" application="View">
  <property name="#LayoutVersion" />
  <property name="#LayoutScaleFactor">@1,Width=1@1,Height=1</property>
  <property name="Appearance" isnull="true" iskey="true">
    <property name="SelectedRow" iskey="true" value="SelectedRow">
      <property name="Options" isnull="true" iskey="true">
        <property name="UseBackColor">true</property>
      </property>
      <property name="BackColor">60, 0, 0, 240</property>
    </property>
    <property name="GroupPanel" iskey="true" value="GroupPanel">
      <property name="Options" isnull="true" iskey="true">
        <property name="UseTextOptions">true</property>
      </property>
      <property name="TextOptions" isnull="true" iskey="true">
        <property name="HAlignment">Center</property>
        <property name="VAlignment">Center</property>
      </property>
    </property>
    <property name="Row" iskey="true" value="Row">
      <property name="Options" isnull="true" iskey="true">
        <property name="UseTextOptions">true</property>
      </property>
      <property name="TextOptions" isnull="true" iskey="true">
        <property name="HAlignment">Center</property>
        <property name="VAlignment">Center</property>
      </property>
    </property>
    <property name="HeaderPanel" iskey="true" value="HeaderPanel">
      <property name="Options" isnull="true" iskey="true">
        <property name="UseTextOptions">true</property>
      </property>
      <property name="TextOptions" isnull="true" iskey="true">
        <property name="HAlignment">Center</property>
        <property name="VAlignment">Center</property>
      </property>
    </property>
    <property name="FooterPanel" iskey="true" value="FooterPanel">
      <property name="Options" isnull="true" iskey="true">
        <property name="UseTextOptions">true</property>
      </property>
      <property name="TextOptions" isnull="true" iskey="true">
        <property name="HAlignment">Center</property>
        <property name="VAlignment">Center</property>
      </property>
    </property>
  </property>
  <property name="OptionsView" isnull="true" iskey="true">
    <property name="ShowFooter">true</property>
    <property name="EnableAppearanceOddRow">true</property>
  </property>
  <property name="ActiveFilterEnabled">true</property>
  <property name="Columns" iskey="true" value="15">
    <property name="Item1" isnull="true" iskey="true">
      <property name="Name">colDETAILS</property>
      <property name="VisibleIndex">0</property>
      <property name="Visible">true</property>
      <property name="Width">81</property>
      <property name="MinWidth">20</property>
      <property name="MaxWidth">0</property>
      <property name="Summary" iskey="true" value="1">
        <property name="Item1" isnull="true" iskey="true">
          <property name="Tag" isnull="true" />
          <property name="FieldName">DETAILS</property>
          <property name="SummaryType">Count</property>
          <property name="Mode">AllRows</property>
          <property name="DisplayFormat">{0}</property>
        </property>
      </property>
    </property>
    <property name="Item2" isnull="true" iskey="true">
      <property name="Name">colORDNAME</property>
      <property name="Width">75</property>
      <property name="MinWidth">20</property>
      <property name="MaxWidth">0</property>
    </property>
    <property name="Item3" isnull="true" iskey="true">
      <property name="Name">colORDSTATUSDES</property>
      <property name="Width">75</property>
      <property name="MinWidth">20</property>
      <property name="MaxWidth">0</property>
    </property>
    <property name="Item4" isnull="true" iskey="true">
      <property name="Name">colTYPEDES</property>
      <property name="VisibleIndex">1</property>
      <property name="Visible">true</property>
      <property name="Width">90</property>
      <property name="MinWidth">20</property>
      <property name="MaxWidth">0</property>
    </property>
    <property name="Item5" isnull="true" iskey="true">
      <property name="Name">colCDES</property>
      <property name="VisibleIndex">2</property>
      <property name="Visible">true</property>
      <property name="Width">64</property>
      <property name="MinWidth">20</property>
      <property name="MaxWidth">0</property>
    </property>
    <property name="Item6" isnull="true" iskey="true">
      <property name="Name">colAYEL_AGENTNAME</property>
      <property name="VisibleIndex">3</property>
      <property name="Visible">true</property>
      <property name="Width">107</property>
      <property name="MinWidth">20</property>
      <property name="MaxWidth">0</property>
    </property>
    <property name="Item7" isnull="true" iskey="true">
      <property name="Name">colAYEL_PRETECHNAME</property>
      <property name="VisibleIndex">4</property>
      <property name="Visible">true</property>
      <property name="Width">109</property>
      <property name="MinWidth">20</property>
      <property name="MaxWidth">0</property>
    </property>
    <property name="Item8" isnull="true" iskey="true">
      <property name="Name">colTOTPURCHASEPRICE</property>
      <property name="VisibleIndex">5</property>
      <property name="Visible">true</property>
      <property name="Width">95</property>
      <property name="MinWidth">20</property>
      <property name="MaxWidth">0</property>
      <property name="Summary" iskey="true" value="1">
        <property name="Item1" isnull="true" iskey="true">
          <property name="Tag" isnull="true" />
          <property name="FieldName">TOTPURCHASEPRICE</property>
          <property name="SummaryType">Sum</property>
          <property name="Mode">AllRows</property>
          <property name="DisplayFormat">{0:c}</property>
        </property>
      </property>
    </property>
    <property name="Item9" isnull="true" iskey="true">
      <property name="Name">colFAVI_TECHNIREMARKS</property>
      <property name="VisibleIndex">6</property>
      <property name="Visible">true</property>
      <property name="Width">81</property>
      <property name="MinWidth">20</property>
      <property name="MaxWidth">0</property>
    </property>
    <property name="Item10" isnull="true" iskey="true">
      <property name="Name">colFAVI_FACTORY</property>
      <property name="VisibleIndex">7</property>
      <property name="Visible">true</property>
      <property name="Width">68</property>
      <property name="MinWidth">20</property>
      <property name="MaxWidth">0</property>
    </property>
    <property name="Item11" isnull="true" iskey="true">
      <property name="Name">colDUEDATE</property>
      <property name="VisibleIndex">8</property>
      <property name="Visible">true</property>
      <property name="Width">84</property>
      <property name="MinWidth">20</property>
      <property name="MaxWidth">0</property>
    </property>
    <property name="Item12" isnull="true" iskey="true">
      <property name="Name">colFileLocation</property>
      <property name="VisibleIndex">9</property>
      <property name="Visible">true</property>
      <property name="Width">92</property>
      <property name="MinWidth">20</property>
      <property name="MaxWidth">0</property>
    </property>
    <property name="Item13" isnull="true" iskey="true">
      <property name="Name">colLastOperation</property>
      <property name="VisibleIndex">10</property>
      <property name="Visible">true</property>
      <property name="Width">214</property>
      <property name="MinWidth">20</property>
      <property name="MaxWidth">0</property>
    </property>
    <property name="Item14" isnull="true" iskey="true">
      <property name="Name">colAYEL_DEPTTECHNAME</property>
      <property name="Width">75</property>
      <property name="MinWidth">20</property>
      <property name="MaxWidth">0</property>
    </property>
    <property name="Item15" isnull="true" iskey="true">
      <property name="Name">colAYEL_PAYMENTFINDES</property>
      <property name="Width">75</property>
      <property name="MinWidth">20</property>
      <property name="MaxWidth">0</property>
    </property>
  </property>
  <property name="GroupSummary" iskey="true" value="0" />
  <property name="ActiveFilterString" />
  <property name="FormatRules" iskey="true" value="6">
    <property name="Item1" isnull="true" iskey="true">
      <property name="ApplyToRow">true</property>
      <property name="Name">Format0</property>
      <property name="Enabled">true</property>
      <property name="RuleType">#FormatConditionRuleExpression</property>
      <property name="Rule" isnull="true" iskey="true">
        <property name="Expression">[FileLocation] = 'חסרים קבצים'</property>
        <property name="PredefinedName">Red Fill, Red Text</property>
      </property>
    </property>
    <property name="Item2" isnull="true" iskey="true">
      <property name="ApplyToRow">true</property>
      <property name="Name">Format1</property>
      <property name="Enabled">true</property>
      <property name="RuleType">#FormatConditionRuleExpression</property>
      <property name="Rule" isnull="true" iskey="true">
        <property name="Expression">[TYPEDES] In ('מטבח פרטי', 'מטבח משודרג') And [FileLocation] = 'Draws2Standard'</property>
        <property name="PredefinedName">Red Fill, Red Text</property>
      </property>
    </property>
    <property name="Item3" isnull="true" iskey="true">
      <property name="ApplyToRow">true</property>
      <property name="Name">Format2</property>
      <property name="Enabled">true</property>
      <property name="RuleType">#FormatConditionRuleExpression</property>
      <property name="Rule" isnull="true" iskey="true">
        <property name="Expression">[TYPEDES] In ('מטבח סטנדרט', 'סטנדרט+תוספת') And [FileLocation] = 'Draws2Run'</property>
        <property name="PredefinedName">Red Fill, Red Text</property>
      </property>
    </property>
    <property name="Item4" isnull="true" iskey="true">
      <property name="ColumnName">colFAVI_TECHNIREMARKS</property>
      <property name="ColumnApplyToName">colFAVI_TECHNIREMARKS</property>
      <property name="Name">Format3</property>
      <property name="Enabled">true</property>
      <property name="RuleType">#FormatConditionRuleExpression</property>
      <property name="Rule" isnull="true" iskey="true">
        <property name="Expression">Not IsNullOrEmpty([FAVI_TECHNIREMARKS])</property>
        <property name="PredefinedName">Green Bold Text</property>
        <property name="Appearance" isnull="true" iskey="true">
          <property name="Options" isnull="true" iskey="true">
            <property name="UseForeColor">true</property>
            <property name="UseBackColor">true</property>
            <property name="UseFont">true</property>
          </property>
          <property name="ForeColor">Black</property>
          <property name="BackColor">255, 192, 0</property>
          <property name="Font">Tahoma, 8.25pt, style=Bold, Underline</property>
        </property>
      </property>
    </property>
    <property name="Item5" isnull="true" iskey="true">
      <property name="ColumnName">colFileLocation</property>
      <property name="Name">Format4</property>
      <property name="Enabled">true</property>
      <property name="RuleType">#FormatConditionRuleExpression</property>
      <property name="Rule" isnull="true" iskey="true">
        <property name="Expression">Contains([FileLocation], 'Run')</property>
        <property name="Appearance" isnull="true" iskey="true">
          <property name="Options" isnull="true" iskey="true">
            <property name="UseForeColor">true</property>
            <property name="UseBackColor">true</property>
          </property>
          <property name="ForeColor">Black</property>
          <property name="BackColor">183, 221, 232</property>
        </property>
      </property>
    </property>
    <property name="Item6" isnull="true" iskey="true">
      <property name="ColumnName">colFileLocation</property>
      <property name="Name">Format5</property>
      <property name="Enabled">true</property>
      <property name="RuleType">#FormatConditionRuleExpression</property>
      <property name="Rule" isnull="true" iskey="true">
        <property name="Expression">Contains([FileLocation], 'Stan')</property>
        <property name="Appearance" isnull="true" iskey="true">
          <property name="Options" isnull="true" iskey="true">
            <property name="UseForeColor">true</property>
            <property name="UseBackColor">true</property>
          </property>
          <property name="ForeColor">Black</property>
          <property name="BackColor">215, 227, 188</property>
        </property>
      </property>
    </property>
  </property>
  <property name="FormatConditions" iskey="true" value="0" />
  <property name="GroupSummarySortInfoState" />
  <property name="FindFilterText" />
  <property name="FindPanelVisible">false</property>
</XtraSerializer>