﻿<XtraSerializer version="1.0" application="View">
  <property name="#LayoutVersion" />
  <property name="#LayoutScaleFactor">@1,Width=1@1,Height=1</property>
  <property name="AppearancePrint" isnull="true" iskey="true">
    <property name="GroupFooter" iskey="true" value="GroupFooter">
      <property name="Options" isnull="true" iskey="true">
        <property name="UseTextOptions">true</property>
      </property>
      <property name="TextOptions" isnull="true" iskey="true">
        <property name="HAlignment">Center</property>
        <property name="VAlignment">Center</property>
      </property>
    </property>
    <property name="HeaderPanel" iskey="true" value="HeaderPanel">
      <property name="Options" isnull="true" iskey="true">
        <property name="UseTextOptions">true</property>
      </property>
      <property name="TextOptions" isnull="true" iskey="true">
        <property name="HAlignment">Center</property>
        <property name="VAlignment">Center</property>
      </property>
    </property>
    <property name="OddRow" iskey="true" value="OddRow">
      <property name="Options" isnull="true" iskey="true">
        <property name="UseTextOptions">true</property>
        <property name="UseBackColor">true</property>
      </property>
      <property name="BackColor">Lavender</property>
      <property name="TextOptions" isnull="true" iskey="true">
        <property name="HAlignment">Center</property>
        <property name="VAlignment">Center</property>
      </property>
    </property>
    <property name="EvenRow" iskey="true" value="EvenRow">
      <property name="Options" isnull="true" iskey="true">
        <property name="UseTextOptions">true</property>
        <property name="UseBackColor">true</property>
      </property>
      <property name="BackColor">White</property>
      <property name="TextOptions" isnull="true" iskey="true">
        <property name="HAlignment">Center</property>
        <property name="VAlignment">Center</property>
      </property>
    </property>
    <property name="Row" iskey="true" value="Row">
      <property name="Options" isnull="true" iskey="true">
        <property name="UseTextOptions">true</property>
      </property>
      <property name="TextOptions" isnull="true" iskey="true">
        <property name="HAlignment">Center</property>
        <property name="VAlignment">Center</property>
      </property>
    </property>
    <property name="FooterPanel" iskey="true" value="FooterPanel">
      <property name="Options" isnull="true" iskey="true">
        <property name="UseTextOptions">true</property>
        <property name="UseBackColor">true</property>
        <property name="UseFont">true</property>
      </property>
      <property name="BackColor">LemonChiffon</property>
      <property name="TextOptions" isnull="true" iskey="true">
        <property name="HAlignment">Center</property>
        <property name="VAlignment">Center</property>
      </property>
    </property>
  </property>
  <property name="Appearance" isnull="true" iskey="true">
    <property name="SelectedRow" iskey="true" value="SelectedRow">
      <property name="Options" isnull="true" iskey="true">
        <property name="UseBackColor">true</property>
      </property>
      <property name="BackColor">60, 0, 0, 240</property>
    </property>
    <property name="FocusedCell" iskey="true" value="FocusedCell">
      <property name="Options" isnull="true" iskey="true">
        <property name="UseBackColor">true</property>
      </property>
      <property name="BackColor">60, 0, 0, 240</property>
    </property>
    <property name="Row" iskey="true" value="Row">
      <property name="Options" isnull="true" iskey="true">
        <property name="UseTextOptions">true</property>
      </property>
      <property name="TextOptions" isnull="true" iskey="true">
        <property name="HAlignment">Center</property>
        <property name="VAlignment">Center</property>
      </property>
    </property>
    <property name="HeaderPanel" iskey="true" value="HeaderPanel">
      <property name="Options" isnull="true" iskey="true">
        <property name="UseTextOptions">true</property>
      </property>
      <property name="TextOptions" isnull="true" iskey="true">
        <property name="HAlignment">Center</property>
        <property name="VAlignment">Center</property>
      </property>
    </property>
    <property name="FooterPanel" iskey="true" value="FooterPanel">
      <property name="Options" isnull="true" iskey="true">
        <property name="UseTextOptions">true</property>
      </property>
      <property name="TextOptions" isnull="true" iskey="true">
        <property name="HAlignment">Center</property>
        <property name="VAlignment">Center</property>
      </property>
    </property>
  </property>
  <property name="OptionsView" isnull="true" iskey="true">
    <property name="ShowFooter">true</property>
    <property name="EnableAppearanceOddRow">true</property>
    <property name="ShowButtonMode">ShowAlways</property>
  </property>
  <property name="ActiveFilterEnabled">true</property>
  <property name="Columns" iskey="true" value="10">
    <property name="Item1" isnull="true" iskey="true">
      <property name="Name">colProgramNumber</property>
      <property name="VisibleIndex">0</property>
      <property name="Visible">true</property>
      <property name="Width">84</property>
      <property name="MinWidth">20</property>
      <property name="MaxWidth">0</property>
      <property name="Summary" iskey="true" value="1">
        <property name="Item1" isnull="true" iskey="true">
          <property name="Tag" isnull="true" />
          <property name="FieldName">ProgramNumber</property>
          <property name="SummaryType">Count</property>
          <property name="Mode">AllRows</property>
          <property name="DisplayFormat">{0}</property>
        </property>
      </property>
    </property>
    <property name="Item2" isnull="true" iskey="true">
      <property name="Name">colOrderNumber</property>
      <property name="VisibleIndex">1</property>
      <property name="Visible">true</property>
      <property name="Width">85</property>
      <property name="MinWidth">20</property>
      <property name="MaxWidth">0</property>
    </property>
    <property name="Item3" isnull="true" iskey="true">
      <property name="Name">colCustomer</property>
      <property name="VisibleIndex">2</property>
      <property name="Visible">true</property>
      <property name="Width">72</property>
      <property name="MinWidth">20</property>
      <property name="MaxWidth">0</property>
    </property>
    <property name="Item4" isnull="true" iskey="true">
      <property name="Name">colDesigner</property>
      <property name="VisibleIndex">3</property>
      <property name="Visible">true</property>
      <property name="Width">98</property>
      <property name="MinWidth">20</property>
      <property name="MaxWidth">0</property>
    </property>
    <property name="Item5" isnull="true" iskey="true">
      <property name="Name">colPreTechMan</property>
      <property name="VisibleIndex">4</property>
      <property name="Visible">true</property>
      <property name="Width">106</property>
      <property name="MinWidth">20</property>
      <property name="MaxWidth">0</property>
    </property>
    <property name="Item6" isnull="true" iskey="true">
      <property name="Name">colTechMan</property>
      <property name="VisibleIndex">5</property>
      <property name="Visible">true</property>
      <property name="Width">105</property>
      <property name="MinWidth">20</property>
      <property name="MaxWidth">0</property>
    </property>
    <property name="Item7" isnull="true" iskey="true">
      <property name="Name">colPrice</property>
      <property name="VisibleIndex">6</property>
      <property name="Visible">true</property>
      <property name="Width">99</property>
      <property name="MinWidth">20</property>
      <property name="MaxWidth">0</property>
    </property>
    <property name="Item8" isnull="true" iskey="true">
      <property name="Name">colFileLocation</property>
      <property name="VisibleIndex">7</property>
      <property name="Visible">true</property>
      <property name="Width">103</property>
      <property name="MinWidth">20</property>
      <property name="MaxWidth">0</property>
    </property>
    <property name="Item9" isnull="true" iskey="true">
      <property name="Name">colWarehouse</property>
      <property name="VisibleIndex">8</property>
      <property name="Visible">true</property>
      <property name="Width">82</property>
      <property name="MinWidth">20</property>
      <property name="MaxWidth">0</property>
    </property>
    <property name="Item10" isnull="true" iskey="true">
      <property name="Name">colLastOperation</property>
      <property name="VisibleIndex">9</property>
      <property name="Visible">true</property>
      <property name="Width">251</property>
      <property name="MinWidth">20</property>
      <property name="MaxWidth">0</property>
    </property>
  </property>
  <property name="GroupSummary" iskey="true" value="0" />
  <property name="ActiveFilterString" />
  <property name="FormatRules" iskey="true" value="2">
    <property name="Item1" isnull="true" iskey="true">
      <property name="ColumnName">colFileLocation</property>
      <property name="Name">Format0</property>
      <property name="Description" isnull="true" />
      <property name="Enabled">true</property>
      <property name="RuleType">#FormatConditionRuleExpression</property>
      <property name="Rule" isnull="true" iskey="true">
        <property name="Expression">[FileLocation] = 'Draws2Run'</property>
        <property name="Appearance" isnull="true" iskey="true">
          <property name="Options" isnull="true" iskey="true">
            <property name="UseBackColor">true</property>
          </property>
          <property name="BackColor">183, 221, 232</property>
        </property>
      </property>
    </property>
    <property name="Item2" isnull="true" iskey="true">
      <property name="ColumnName">colFileLocation</property>
      <property name="Name">Format1</property>
      <property name="Description" isnull="true" />
      <property name="Enabled">true</property>
      <property name="RuleType">#FormatConditionRuleExpression</property>
      <property name="Rule" isnull="true" iskey="true">
        <property name="Expression">[FileLocation] = 'Draws2Standard'</property>
        <property name="Appearance" isnull="true" iskey="true">
          <property name="Options" isnull="true" iskey="true">
            <property name="UseBackColor">true</property>
          </property>
          <property name="BackColor">251, 213, 181</property>
        </property>
      </property>
    </property>
  </property>
  <property name="SortInfoState" iskey="true" value="1">
    <property name="Item1" isnull="true" iskey="true">
      <property name="Orders">Ascending</property>
      <property name="Columns">colLastOperation</property>
    </property>
    <property name="Content" isnull="true" iskey="true">
      <property name="GroupCount">0</property>
    </property>
  </property>
  <property name="FormatConditions" iskey="true" value="0" />
  <property name="GroupSummarySortInfoState" />
  <property name="FindFilterText" />
  <property name="FindPanelVisible">false</property>
</XtraSerializer>