﻿<?xml version="1.0" encoding="utf-8"?>
<XML version="14.0.2.700">
  <ORDERVARIABLES>
    <VAR>
      <NAME>BIZ3D</NAME>
      <TYP>100</TYP>
      <VALUE>0</VALUE>
    </VAR>
    <VAR>
      <NAME>H_S60</NAME>
      <TYP>100</TYP>
      <VALUE>0</VALUE>
    </VAR>
    <VAR>
      <NAME>HINGE_LD_TYPE1</NAME>
      <TYP>120</TYP>
      <VALUE>#ZIR1</VALUE>
    </VAR>
    <VAR>
      <NAME>HINGE_LD_TYPE2</NAME>
      <TYP>120</TYP>
      <VALUE>#ZIR1</VALUE>
    </VAR>
    <VAR>
      <NAME>M_PINA</NAME>
      <TYP>8</TYP>
      <VALUE>EMPTY</VALUE>
    </VAR>
  </ORDERVARIABLES>
</XML>